{
 "Debug info": "unregistered",
 "Device ID": 0,
 "Description": "2.22.13.76",
 "Version": "2.22.13.76",
 "App": "com.whatsapp",
 "MDEnabled": false,
 "HasMdCompanion": false,
 "LC": "US",
 "LG": "en",
 "Context": "verify-sms-normal",
 "Carrier": "Vi India",
 "Manufacturer": "vivo",
 "Model": "V2069",
 "useragent": "WhatsApp\/2.22.13.76 Android\/11 Device\/vivo-V2069",
 "CPU ABI": "arm64-v8a",
 "OS": "11",
 "Socket Conn": "DN",
 "Radio MCC-MNC": "404-19",
 "SIM MCC-MNC": "404-19",
 "Free Space Built-In": "11515117568 (11.52 GB)",
 "Free Space Removable": "mounted",
 "FAQ Results Returned": 15,
 "FAQ Results Read": 1,
 "Smb count": "0",
 "Ent count": "0",
 "CCode": "91 6235541282",
 "Target": "release",
 "Product": "2069",
 "Device": "2034",
 "Build": "RP1A.200720.012 release-keys",
 "Board": "QC_Reference_Phone",
 "Kernel": "Unknown release unknown version",
 "Connection": "M.O.B.I.L.E. (L.T.E.)",
 "Device ISO8601": "2022-07-03 21:07:40.696+0530",
 "Phone Type": "G.S.M.",
 "Network Type": "L.T.E.",
 "Missing Permissions": "android.permission.RECEIVE_SMS, android.permission.GET_ACCOUNTS, android.permission.ACCESS_COARSE_LOCATION, android.permission.ACCESS_FINE_LOCATION, android.permission.CAMERA, android.permission.INSTALL_SHORTCUT, android.permission.READ_CONTACTS, android.permission.RECORD_AUDIO, android.permission.SCHEDULE_EXACT_ALARM, android.permission.SEND_SMS, android.permission.WRITE_CONTACTS, android.permission.WRITE_EXTERNAL_STORAGE, android.permission.REQUEST_INSTALL_PACKAGES, com.sec.android.provider.badge.permission.READ, com.sec.android.provider.badge.permission.WRITE, com.htc.launcher.permission.READ_SETTINGS, com.htc.launcher.permission.UPDATE_SHORTCUT, com.sonyericsson.home.permission.BROADCAST_BADGE, com.sonymobile.home.permission.PROVIDER_INSERT_BADGE, com.huawei.android.launcher.permission.READ_SETTINGS, com.huawei.android.launcher.permission.WRITE_SETTINGS, com.huawei.android.launcher.permission.CHANGE_BADGE, android.permission.CALL_PHONE, android.permission.ANSWER_PHONE_CALLS, android.permission.READ_CALL_LOG, android.permission.READ_EXTERNAL_STORAGE",
 "Architecture": "aarch64",
 "Diagnostic Codes": "FE-GDE FE-GDC FE-VIDC FE-SMSRTV ",
 "Sim": "6235541282 5",
 "L Distance": 0,
 "Mistyped": "false",
 "Mistyped Last6": "false",
 "Network metered": "116:true;117:false",
 "Network restricted": "116:false;117:true",
 "Data roaming": "false",
 "Tel roaming": "false",
 "ABprops hash state": "unregistered",
 "Serverprops hash state": "unregistered",
 "Video transcode": "supported",
 "anid": "e42828ad-830d-4c0a-aaa4-ccc01e855513",
 "XPMigrated": "no",
 "Screen reader": false,
 "Fingerprint eligible": true,
 "Last local backup time": "never",
 "Google account added": false,
 "Groups media visibility": "default",
 "Individual media visibility": "default",
 "In scoped mode": true,
 "Has unexpected .nomedia": false,
 "Is Tablet": false,
 "Is Foldable": false
}